"","Substitution.Type","Trinucleotide","Somatic.Mutation.Type","Signature.1","Signature.2","Signature.3","Signature.4","Signature.5","Signature.6","Signature.7","Signature.8"
"1","C>A","ACA","A[C>A]A",0.0129524182199596,0.000740594314794954,0.0112222927108654,0.000501512874809541,0.00469378779491413,0.00969687038637835,0.00725150133566049,0.00143088854570128
"2","C>A","ACC","A[C>A]C",0.00833779755442532,0.000591565414581745,0.0093436234539055,0.000806086189138818,0.0023706916437536,0.00109352653665457,0.0115247722150945,0.00130928168860198
"3","C>A","ACG","A[C>A]G",0.00581793761871713,0.000214594131688238,0.0039725583579014,0.000380379231688438,0.00134333763949206,0.003140535461531,0.0037616792933106,0.000281924685480745
"4","C>A","ACT","A[C>A]T",0.0081446419383321,0.000435212446248231,0.00525525927511943,2.85866243678026e-05,0.00189588477165878,0.00657512658205192,0.00338296073944307,0.00183781944811612
"25","C>A","CCA","C[C>A]A",0.0352030157888269,0.00218219144967433,0.0261841756594605,0.00237502505228377,0.00375074764484499,0.29662137124931,0.0102377583464233,0.016544575319031
"26","C>A","CCC","C[C>A]C",0.0165795577572708,0.000844463239343907,0.0138792115174919,0.000951166924142156,0.00770232392828113,0.0407817094800091,0.00441520026371404,0.0029624149989817
"27","C>A","CCG","C[C>A]G",0.0106717979388526,0.0012047989794825,0.0136226623996231,0.000407271047169658,0.00265927456665348,0.105302773751637,0.00517811316964244,0.00405097160021073
"28","C>A","CCT","C[C>A]T",0.00980931882108899,0.00135242540721651,0.0128326710596282,0.00165530779042835,0.0203306313570213,0.103032741465334,0.00656228640326317,0.0013555820536422
"49","C>A","GCA","G[C>A]A",0.00425278235763823,0.000411726249198327,0.0082580163093926,0.00154550608531656,0.000929043905820195,0.00765444149056372,0.00511463720073449,0.000462668330352818
"50","C>A","GCC","G[C>A]C",0.0057930813266773,0.000283104107122882,0.00651558205864685,1.64222708808442e-05,0.00405622599818389,0.000781388013427889,0.00474113904207951,0.00630834070926045
"51","C>A","GCG","G[C>A]G",0.00377566542278515,0.000119058765393258,0.00409047181927613,2.11147354615522e-05,0.00277613818902256,0.00520882599846047,0.00191575790615617,0.00036586802148791
"52","C>A","GCT","G[C>A]T",0.00798044649861368,0.000246180210718641,0.00671110717516651,0.000604125434204767,0.00343296292888265,0.00776230480305949,0.00308689779925463,0.000279284356090772
"73","C>A","TCA","T[C>A]A",0.0126455173134093,0.00111447989657687,0.0140749508376043,0.000557540345275743,0.00770936606323659,0.03558059036047,0.0115334230605585,0.0018789328877624
"74","C>A","TCC","T[C>A]C",0.0111473634063736,0.00225353510545473,0.0147873377514749,0.00065170803698173,0.0164189454987208,0.0139556332311658,0.0110703157533932,0.00114859230091558
"75","C>A","TCG","T[C>A]G",0.00696276655162259,0.000441829985859282,0.00479320385458871,0.000217714687364651,0.00404139329954549,0.0154731853056391,0.00287585016260622,0.00262999594778524
"76","C>A","TCT","T[C>A]T",0.00925052118569888,0.00130288997114625,0.0119254116452862,0.000819362760585279,0.0170566839034977,0.0243199118193585,0.00674675607599694,0.00040467227671366
"5","C>G","ACA","A[C>G]A",0.00979762206830032,0.000290812517530743,0.0111388983242641,5.67661398310076e-05,0.00195158643351377,0.00104788296335624,0.00385294068579969,0.00489521817112057
"6","C>G","ACC","A[C>G]C",0.00947211012427949,0.000376875560219978,0.0103370600141952,0.000562126908000479,0.00324484261397061,0.000654107697687286,0.00198572429417331,0.000256700657328089
"7","C>G","ACG","A[C>G]G",0.0101535467231256,0.000569686129660516,0.00317814894122297,0.000480005669856303,0.00299845088148782,0.00057632136844808,0.00369491837782736,0.00355247345493309
"8","C>G","ACT","A[C>G]T",0.0166532484879976,0.000308991398051741,0.00820502166619702,0.000993111012824452,0.00950574586081171,0.000988201787516288,0.00561421021357428,0.00184317422720359
"29","C>G","CCA","C[C>G]A",0.0171231794624026,0.000351166703886029,0.00840879595633436,0.000958634238676675,0.00138953151167616,0.0281515712095835,0.00721173833162782,0.00156325078550285
"30","C>G","CCC","C[C>G]C",0.0145511907724622,0.000498820084380223,0.00706101483401067,0.000247577497173516,0.00396862550532757,0.0245032850417016,0.0131461270002893,0.00499587913856948
"31","C>G","CCG","C[C>G]G",0.0206449976623008,0.00101345284765409,0.00629887267530222,0.000606184106545498,0.00230810350338443,0.0454197288726067,0.0113453145869922,0.0111287630783161
"32","C>G","CCT","C[C>G]T",0.012667563899627,0.000603891140097406,0.00810241616514846,0.00215930032814961,0.00453774604550674,0.013017839015573,0.00408068268905133,0.00317424923615017
"53","C>G","GCA","G[C>G]A",0.00585160834998957,0.000159368493768463,0.00675003501997049,0.000302162905807189,0.00195547040023774,0.000851587632789908,0.00248777271699134,0.00068621931220092
"54","C>G","GCC","G[C>G]C",0.0129632639310965,0.00046156406087518,0.00747689484682342,0.00026489195639144,0.00318866594932527,0.00100886512712232,0.00535108742257228,0.00177215068165121
"55","C>G","GCG","G[C>G]G",0.00546571903030556,0.000303684646363316,0.00515059681583728,2.72351348448488e-05,0.00267519705745944,0.00122623679627078,0.00572853697658615,0.000656800110822069
"56","C>G","GCT","G[C>G]T",0.0170740107437711,0.000287480499732183,0.00443626996894997,0.000591950206178125,0.00211282152803039,0.00221692497220334,0.00333594010428084,0.00958904925578167
"77","C>G","TCA","T[C>G]A",0.0274940963207882,0.000342908831833191,0.0140070319001016,0.000294627295663662,0.00652711382466462,0.0032088921583396,0.0189559010558045,0.00352447498899763
"78","C>G","TCC","T[C>G]C",0.00889022199880523,0.00106811537466487,0.0118872075748282,0.0015321150113254,0.00813199317777212,0.00359558420472602,0.0087477321765111,0.0114436240216267
"79","C>G","TCG","T[C>G]G",0.0189715874188825,0.000511443874803639,0.00267507536607537,0.000602853701034159,0.00207964984212777,0.00584238439214144,0.00748606463645539,0.0015126455569548
"80","C>G","TCT","T[C>G]T",0.0375074961866699,0.000867042010270396,0.0223888100755562,0.000931124666405991,0.0154811757337185,0.00333247897477884,0.0177666816298221,0.014124484870347
"9","C>T","ACA","A[C>T]A",0.0123328101190771,0.00107014274283257,0.0140596886781808,0.00195665196966403,0.00423896141582051,0.00298970504738739,0.00372698934861174,0.00974027807178559
"10","C>T","ACC","A[C>T]C",0.00911421842942927,0.0243475251841256,0.0138694086598649,0.00234633633738571,0.00482323218098919,0.00212190159474258,0.00716583074640843,0.00409372795063253
"11","C>T","ACG","A[C>T]G",0.0116770075518607,0.00138407366848677,0.0865057516484438,0.00186524500750653,0.00306217004097802,0.00931937940658314,0.0130634988969414,0.00181611007420032
"12","C>T","ACT","A[C>T]T",0.00928033056356648,0.00777721261532257,0.0111552852181827,0.00177405816042872,0.00649459863768348,0.0017560451352668,0.00589501651388309,0.0050861989789108
"33","C>T","CCA","C[C>T]A",0.00886909782105766,0.0684582561807136,0.00307446619480124,0.00703885538500313,0.0071554740170716,0.00916673162693608,0.00853076192940623,0.00405874031603273
"34","C>T","CCC","C[C>T]C",0.0103622591436793,0.101234992573006,0.00297707879080027,0.00831338559139485,0.0143959377959796,0.00260192203132305,0.0113653527362047,0.00697695268289504
"35","C>T","CCG","C[C>T]G",0.0167822161434748,0.0316417497132183,0.0569259086925176,0.00401710818747092,0.0329263596328188,0.00868760686146103,0.00927826500484978,0.0128772732529764
"36","C>T","CCT","C[C>T]T",0.0154179529760655,0.0825075806976916,0.00713083808782953,0.00674176131526299,0.0154307873949844,0.015587454022128,0.0131262208367182,0.0186363537240647
"57","C>T","GCA","G[C>T]A",0.0120112520088369,0.000978888997318346,0.0219092341868354,0.00183856768070562,0.00310335597608465,0.0049200091108373,0.00514540602734212,0.00264156461986737
"58","C>T","GCC","G[C>T]C",0.0119627024704013,0.0227788738652419,0.0211317938851483,0.0103925152619838,0.00297628167120375,0.00615225351873934,0.0123290502098768,0.00213208951429011
"59","C>T","GCG","G[C>T]G",0.00953926988788462,0.00144236994438241,0.0800388337938093,0.00074882268932428,0.00656394711310733,0.00693429011596642,0.0121179415272096,0.0024471360809795
"60","C>T","GCT","G[C>T]T",0.0091818315837957,0.0179572126934189,0.0168420028124369,0.00755842299674961,0.00283848079429981,0.00632932013677418,0.0144681525589874,0.00249050648021186
"81","C>T","TCA","T[C>T]A",0.00812892240251202,0.106284385607223,0.00227558570851408,0.0165660121547244,0.0185144561439839,0.00299591758350557,0.0102101640919002,0.00470483772802562
"82","C>T","TCC","T[C>T]C",0.0128155383791744,0.241956800723275,0.00244578416377848,0.0226660126704356,0.0190344751090906,0.00657835068885534,0.010758832829861,0.0136706227303478
"83","C>T","TCG","T[C>T]G",0.00767808093896587,0.131953611015336,0.0224397439841296,0.00427772231664257,0.00880441770954566,0.00696578874052142,0.0107820953521164,0.00586304306253682
"84","C>T","TCT","T[C>T]T",0.0156269239762285,0.0810135414018319,0.0127994499788997,0.019084252150788,0.0414066282732227,0.00472068322743184,0.014041021843073,0.0125333790666418
"13","T>A","ATA","A[T>A]A",0.0133279017291822,0.000924958376492749,0.00309624082882312,0.000873087599117193,0.00197002005304536,0.000571152310920408,0.0093479400478196,0.00373852875115716
"14","T>A","ATC","A[T>A]C",0.0117601251800107,0.000839800211591509,0.00503810616675374,0.00088595792247098,0.00307966053808601,0.00205251030632576,0.00332551848728072,0.00566584580083729
"15","T>A","ATG","A[T>A]G",0.0117952688603882,0.000926849703741059,0.00337464216353247,0.000877119422746955,0.00494550680621796,0.00039686995061968,0.00461036532353878,0.00167695556578326
"16","T>A","ATT","A[T>A]T",0.00506092811488702,0.00250563403246767,0.00142769155670601,0.00524365895150502,0.0279824364840026,0.000913497969888474,0.00807389904697447,0.00561512968937095
"37","T>A","CTA","C[T>A]A",0.00793900295439927,0.000498047381065014,0.00157354102923616,0.00307004625411951,0.00167962584847556,0.000799571172285924,0.00401815971219466,0.000647049219320987
"38","T>A","CTC","C[T>A]C",0.00789306988336159,0.000973115676281917,0.00498222453105404,0.0181872646818371,0.0215774633070466,0.000992591066058382,0.00383396153536583,0.00230070327578495
"39","T>A","CTG","C[T>A]G",0.0103867322584022,0.000705419722787907,0.00888399145041167,0.0170779827039363,0.0029511396400773,0.0033218829963248,0.0092320204762864,0.00339501319873417
"40","T>A","CTT","C[T>A]T",0.0100554233700176,0.00134046812311951,0.00441381858826116,0.02223618973595,0.0373763849960574,0.000622141593393707,0.00673756766707928,0.00251423898010603
"61","T>A","GTA","G[T>A]A",0.00528147531365257,0.000460867542500351,0.00111318839711998,0.000273882594672024,0.00688402871007416,0.0012166015283733,0.00179607272551614,0.0113174719124382
"62","T>A","GTC","G[T>A]C",0.00337243936705191,0.000411114797145475,0.00283959540132726,0.00424649349170013,0.00251163645732112,0.000374694580056842,0.00845332246441672,0.00150707940617591
"63","T>A","GTG","G[T>A]G",0.0105717027742092,0.000832276422652059,0.0122941796089113,0.00258733140852279,0.001594437757825,0.00422782250496751,0.0109920746325863,0.00801842039012209
"64","T>A","GTT","G[T>A]T",0.00574155127345757,0.00068018576880222,0.00100045847915061,0.00569375123127151,0.0122997412634758,0.000551496175050099,0.00552823650840051,0.000404440246471434
"85","T>A","TTA","T[T>A]A",0.00466714291415757,0.000756947125472314,0.00312992733616696,6.24466926485062e-05,0.0178505751091215,0.00106289909371086,0.0110980532325654,0.00282095870837859
"86","T>A","TTC","T[T>A]C",0.00343570336438818,0.00110666575546249,0.00307641486518175,0.00219166567535021,0.0346898803093684,0.00063254303926666,0.00348451629828231,0.000760818291875873
"87","T>A","TTG","T[T>A]G",0.0055914394470645,0.000772275556051929,0.00273819762114917,0.00126821420361512,0.00939437088433211,0.00103001699050412,0.00954711239112939,0.000589996571221348
"88","T>A","TTT","T[T>A]T",0.00428505946739139,0.00262045809697702,0.000641148550228489,0.0122093230329209,0.114509406495684,0.000975362261343157,0.0218960877296494,0.00205645683804504
"17","T>C","ATA","A[T>C]A",0.0113069780032497,0.000744486384557706,0.00954428411289834,0.00236899464558146,0.00194412079297945,0.00261546747455091,0.0156104082338411,0.0291880449027038
"18","T>C","ATC","A[T>C]C",0.0121187519408738,0.000682006772788482,0.00412453809104577,0.00727525047868502,0.0026981073294809,0.00130344793646905,0.00344570976494016,0.0500531183096314
"19","T>C","ATG","A[T>C]G",0.0102215071380025,0.00119711954028985,0.0154367679681001,0.00346744951782818,0.00407830807032871,0.00477859442588662,0.017977409981152,0.0479662509012735
"20","T>C","ATT","A[T>C]T",0.00954608855532423,0.00147087012456844,0.0141154456843133,0.00140225967747981,0.00239330681635724,0.00363994344837679,0.00717509259921259,0.0455045529798873
"41","T>C","CTA","C[T>C]A",0.0074674402306233,0.000983560513622135,0.00823509322353128,0.0232307209157249,0.0028969926829705,0.00140105745593188,0.00656869980418641,0.0270480012773621
"42","T>C","CTC","C[T>C]C",0.00882937565830945,0.0010626924886757,0.0120981529336078,0.0642064659466056,0.00598031229335764,0.00409389114280037,0.0129892966698027,0.0376523280425913
"43","T>C","CTG","C[T>C]G",0.0068895673179357,0.00144538109801693,0.0167670621566477,0.0658465733034048,0.00543626409414041,0.0029308042947013,0.00797873281079257,0.0310509985165869
"44","T>C","CTT","C[T>C]T",0.00756746142678121,0.0037239861804403,0.0161831794643373,0.0682764163509204,0.0311992174125166,0.00440485219919482,0.0101663998641552,0.0417066854595611
"65","T>C","GTA","G[T>C]A",0.00995932456804993,0.000674167799541239,0.0123710208146215,0.00530099895773784,0.0026423625338801,0.00215818046533122,0.00474237675270553,0.0714446520588177
"66","T>C","GTC","G[T>C]C",0.0109042141920137,0.000478389567980965,0.0193696633821395,0.0155542185700441,0.00317957100192881,0.00108265725269751,0.00644348409200072,0.0722751326637256
"67","T>C","GTG","G[T>C]G",0.0113857921582581,0.000722883628030409,0.0124882764075501,0.0236087027889876,0.00272961221369297,0.00059763901686873,0.0203192051921766,0.0895995596633079
"68","T>C","GTT","G[T>C]T",0.0114175947878862,0.00771283637678638,0.0121433529469268,0.00551121488062363,0.0161540174153605,0.00265803308935049,0.0759650045820363,0.0843373322735412
"89","T>C","TTA","T[T>C]A",0.00450254738897879,0.00208006250944736,0.00287128432156629,0.00302878451734149,0.00415284894337461,0.0010252446650874,0.00619207003366123,0.0105457678807364
"90","T>C","TTC","T[T>C]C",0.0206924566797876,0.00185005727598731,0.00724384308307131,0.012854542018959,0.0214356009407662,0.00217399337327976,0.00859503619817112,0.0114940566157207
"91","T>C","TTG","T[T>C]G",0.00645489378130809,0.00191282637616885,0.00988751429240592,0.00552946317730811,0.0228647586002188,0.00280732695874481,0.00660042012945311,0.00962076335593232
"92","T>C","TTT","T[T>C]T",0.00661700225756564,0.00169295648451645,0.010474990883334,0.00790561618949844,0.0497085077605458,0.00529029890352393,0.00645141158792724,0.00817038114363728
"21","T>G","ATA","A[T>G]A",0.00570852766255034,0.000341032935820754,0.00301350047520292,0.0019485349147262,0.00187423115909439,0.000684983390270272,0.00755034199383207,0.00182087611348085
"22","T>G","ATC","A[T>G]C",0.0107119227205504,0.000418967094429577,0.00235212701549048,0.0116923072406494,0.00235634746005382,0.00284178276189795,0.00269036923924151,0.00638587932547448
"23","T>G","ATG","A[T>G]G",0.00664883546619362,0.000865224350365134,0.0105888651230317,0.00264947152998278,0.00421796894271795,0.0039509083981897,0.0359417302335195,0.00393227558129779
"24","T>G","ATT","A[T>G]T",0.00709866848357257,0.00043637663522821,0.00149033348518113,0.0434746602979728,0.004307251956827,0.00045724678660327,0.00411027267269774,0.00174772366173332
"45","T>G","CTA","C[T>G]A",0.00731029685663225,0.000134917056445182,0.00236655296515352,0.00818554146963432,0.0012391050580988,0.00094746536044954,0.001706660318987,0.00203430194308225
"46","T>G","CTC","C[T>G]C",0.00903899103977471,0.000735102830168218,0.00409405227006032,0.0232663726016394,0.0102132111368997,0.0011209491056558,0.00910156678709319,0.00331457409096775
"47","T>G","CTG","C[T>G]G",0.0060853565162057,0.000998403434071262,0.00695287706387774,0.020896579485878,0.00531876026071678,0.00227841032034297,0.0501766795174916,0.00263097440763888
"48","T>G","CTT","C[T>G]T",0.0108846203819069,0.000915786626605369,0.0092764055103552,0.172444170059937,0.0332440149755219,0.00651221464643133,0.0284047546305085,0.00969280104173265
"69","T>G","GTA","G[T>G]A",0.00246562968892197,0.000206392297382867,0.00263840622236681,0.00114218934559792,0.00245754636650375,0.000406355194993135,0.00424093829843262,0.000338077194021929
"70","T>G","GTC","G[T>G]C",0.00901217368382264,0.000274071808529169,0.00233665202152581,0.00774441917202364,0.00640659091381225,0.000425848262141658,0.0062554965999658,0.00344417294852951
"71","T>G","GTG","G[T>G]G",0.00883905062498966,0.00183537518012844,0.0134645307998064,0.00655362453117237,0.0011968514333944,0.00238668471596186,0.0782497291306315,0.00194227582307032
"72","T>G","GTT","G[T>G]T",0.00929115457289375,0.000791876898153579,0.00489992200609974,0.0417420455952821,0.00393437203826229,0.000575575547130629,0.00664702708872072,0.00293859235417005
"93","T>G","TTA","T[T>G]A",0.00570556888526626,0.00036325318766727,0.00115554221807662,0.000939303870040661,0.00910927655566908,0.000328699233977962,0.00604614295694686,0.000867716979544303
"94","T>G","TTC","T[T>G]C",0.00466490441307679,0.000659812847011595,0.00424805787941264,0.0150421562304718,0.0270864388092253,0.00262578319371181,0.00578238473188028,0.00531426380963518
"95","T>G","TTG","T[T>G]G",0.00393670708881638,0.000727476785393182,0.00500525244583342,0.00600512661581223,0.00436818107806299,0.000486828267858775,0.0111785734229456,0.00325435366719652
"96","T>G","TTT","T[T>G]T",0.0201651222807499,0.000965391146854033,0.00258754564399279,0.0845861827557857,0.0368859053836216,0.000816992174142877,0.0205266436827245,0.00191462311554471
